{
    "dataset_name": "item_features",
    "row_count": 91237,
    "column_count": 13,
    "numeric_features": {
        "item_purchase_count": {
            "count": 91237,
            "null_count": 0,
            "min": 1,
            "max": 34753,
            "mean": 247.54639017065446,
            "std": 616.0291257593692,
            "p01": 1,
            "p05": 2,
            "p25": 12,
            "p50": 53,
            "p75": 232,
            "p95": 1089,
            "p99": 2567
        },
        "unique_buyers": {
            "count": 91237,
            "null_count": 0,
            "min": 1,
            "max": 27372,
            "mean": 236.9224108640135,
            "std": 573.099590262009,
            "p01": 1,
            "p05": 2,
            "p25": 12,
            "p50": 52,
            "p75": 223,
            "p95": 1047,
            "p99": 2437
        },
        "avg_item_price": {
            "count": 91237,
            "null_count": 0,
            "min": 0.0004237288135593,
            "max": 0.5067796610169492,
            "mean": 0.028614751808915054,
            "std": 0.025963429128071452,
            "p01": 0.003569326167837911,
            "p05": 0.00681113801452777,
            "p25": 0.014107344632768299,
            "p50": 0.022598062953995097,
            "p75": 0.03347457627118641,
            "p95": 0.06751111322414241,
            "p99": 0.1293153753026634
        },
        "department_no": {
            "count": 91237,
            "null_count": 0,
            "min": 1201,
            "max": 9989,
            "mean": 4550.811381347479,
            "std": 2713.4966633873487,
            "p01": 1212,
            "p05": 1338,
            "p25": 1676,
            "p50": 4225,
            "p75": 7510,
            "p95": 8748,
            "p99": 9985
        },
        "product_type_no": {
            "count": 91237,
            "null_count": 0,
            "min": -1,
            "max": 762,
            "mean": 234.6557865778138,
            "std": 74.59771801944761,
            "p01": 59,
            "p05": 70,
            "p25": 252,
            "p50": 259,
            "p75": 272,
            "p95": 304,
            "p99": 308
        },
        "section_no": {
            "count": 91237,
            "null_count": 0,
            "min": 2,
            "max": 97,
            "mean": 42.69091487006368,
            "std": 23.295892419353624,
            "p01": 2,
            "p05": 6,
            "p25": 20,
            "p50": 46,
            "p75": 61,
            "p95": 77,
            "p99": 82
        },
        "garment_group_no": {
            "count": 91237,
            "null_count": 0,
            "min": 1001,
            "max": 1025,
            "mean": 1010.4196871883117,
            "std": 6.73137093800933,
            "p01": 1001,
            "p05": 1002,
            "p25": 1005,
            "p50": 1009,
            "p75": 1017,
            "p95": 1020,
            "p99": 1025
        },
        "colour_group_code": {
            "count": 91237,
            "null_count": 0,
            "min": -1,
            "max": 93,
            "mean": 32.45879412957463,
            "std": 28.132667034136954,
            "p01": 5,
            "p05": 7,
            "p25": 9,
            "p50": 14,
            "p75": 53,
            "p95": 81,
            "p99": 93
        },
        "index_group_no": {
            "count": 91237,
            "null_count": 0,
            "min": 1,
            "max": 26,
            "mean": 3.1589157907427907,
            "std": 4.310310013659113,
            "p01": 1,
            "p05": 1,
            "p25": 1,
            "p50": 2,
            "p75": 4,
            "p95": 4,
            "p99": 26
        },
        "days_since_last_sale": {
            "count": 91237,
            "null_count": 0,
            "min": 0,
            "max": 586,
            "mean": 186.69262470269737,
            "std": 178.10241888229095,
            "p01": 0,
            "p05": 0,
            "p25": 28,
            "p50": 122,
            "p75": 325,
            "p95": 527,
            "p99": 567
        },
        "embedding_available": {
            "count": 91237,
            "null_count": 0,
            "min": 0,
            "max": 0,
            "mean": 0.0,
            "std": 0.0,
            "p01": 0,
            "p05": 0,
            "p25": 0,
            "p50": 0,
            "p75": 0,
            "p95": 0,
            "p99": 0
        }
    },
    "categorical_features": {
        "article_id": {
            "unique_count": 91237,
            "top_values": {
                "717679004": 1,
                "797710002": 1,
                "493810023": 1,
                "752814003": 1,
                "358753005": 1,
                "664133001": 1,
                "763280009": 1,
                "709297003": 1,
                "762600004": 1,
                "543738021": 1
            }
        }
    },
    "embedding_features": {
        "image_embedding": {
            "count": 91237,
            "avg_dimension": -1.0
        }
    },
    "embedding_statistics": {
        "coverage_ratio": 0.0
    }
}