{
    "dataset_name": "ranking_features",
    "row_count": 22585390,
    "column_count": 16,
    "numeric_features": {
        "embedding_available": {
            "count": 22585390,
            "null_count": 0,
            "min": 0,
            "max": 0,
            "mean": 0.0,
            "std": 0.0,
            "p01": 0,
            "p05": 0,
            "p25": 0,
            "p50": 0,
            "p75": 0,
            "p95": 0,
            "p99": 0
        },
        "purchase_count": {
            "count": 22585390,
            "null_count": 0,
            "min": 1,
            "max": 1252,
            "mean": 64.3621064767976,
            "std": 71.27793650441046,
            "p01": 2,
            "p05": 5,
            "p25": 20,
            "p50": 43,
            "p75": 83,
            "p95": 196,
            "p99": 340
        },
        "avg_spend": {
            "count": 22585390,
            "null_count": 0,
            "min": 0.0007627118644067,
            "max": 0.5067796610169492,
            "mean": 0.028110520485638873,
            "std": 0.008915974648292553,
            "p01": 0.0118474576271186,
            "p05": 0.016401129943502787,
            "p25": 0.022638418079096008,
            "p50": 0.027131550303218736,
            "p75": 0.032258391024110725,
            "p95": 0.0423559322033898,
            "p99": 0.05591525423728808
        },
        "category_diversity": {
            "count": 22585390,
            "null_count": 0,
            "min": 1,
            "max": 12,
            "mean": 5.818292621911776,
            "std": 2.1670315215382567,
            "p01": 1,
            "p05": 2,
            "p25": 4,
            "p50": 6,
            "p75": 7,
            "p95": 9,
            "p99": 10
        },
        "avg_purchase_gap_days": {
            "count": 22442264,
            "null_count": 143126,
            "min": 0.0,
            "max": 583.0,
            "mean": 12.642574901197142,
            "std": 16.597383929785277,
            "p01": 0.0,
            "p05": 0.0,
            "p25": 4.655737704918033,
            "p50": 8.529411764705882,
            "p75": 15.121212121212121,
            "p95": 36.22222222222222,
            "p99": 74.0
        },
        "item_purchase_count": {
            "count": 22585390,
            "null_count": 0,
            "min": 1,
            "max": 34753,
            "mean": 1780.5427877933478,
            "std": 2939.0940888128657,
            "p01": 20,
            "p05": 77,
            "p25": 382,
            "p50": 905,
            "p75": 1976,
            "p95": 6195,
            "p99": 15314
        },
        "unique_buyers": {
            "count": 22585390,
            "null_count": 0,
            "min": 1,
            "max": 32251,
            "mean": 1893.5651110297408,
            "std": 3056.0953333373654,
            "p01": 21,
            "p05": 83,
            "p25": 410,
            "p50": 960,
            "p75": 2066,
            "p95": 6838,
            "p99": 16235
        },
        "avg_item_price": {
            "count": 22585390,
            "null_count": 0,
            "min": 0.0004237288135593,
            "max": 0.5067796610169492,
            "mean": 0.02811052048563918,
            "std": 0.018353448897265326,
            "p01": 0.005168222552308183,
            "p05": 0.008104130940511739,
            "p25": 0.016007556480686323,
            "p50": 0.024226680925674888,
            "p75": 0.03273697155659452,
            "p95": 0.06089033384694396,
            "p99": 0.09525030107881292
        },
        "days_since_last_sale": {
            "count": 22585390,
            "null_count": 0,
            "min": 0,
            "max": 586,
            "mean": 71.03269193049135,
            "std": 101.51482831020178,
            "p01": 0,
            "p05": 0,
            "p25": 1,
            "p50": 36,
            "p75": 81,
            "p95": 308,
            "p99": 438
        },
        "price_affinity": {
            "count": 22585390,
            "null_count": 0,
            "min": 0.014825716028354332,
            "max": 35.90139288735648,
            "mean": 1.0188019076744574,
            "std": 0.5831927205076797,
            "p01": 0.20826540119066836,
            "p05": 0.3380407757334639,
            "p25": 0.6274864225218966,
            "p50": 0.914708095995621,
            "p75": 1.2645841545743766,
            "p95": 2.0514912902568527,
            "p99": 3.034825361908459
        },
        "sales_channel_id": {
            "count": 22585390,
            "null_count": 0,
            "min": 1,
            "max": 2,
            "mean": 1.6918957343663314,
            "std": 0.46170990521178595,
            "p01": 1,
            "p05": 1,
            "p25": 1,
            "p50": 2,
            "p75": 2,
            "p95": 2,
            "p99": 2
        },
        "day_of_week": {
            "count": 22585390,
            "null_count": 0,
            "min": 1,
            "max": 7,
            "mean": 4.179157366775601,
            "std": 2.000638182069648,
            "p01": 1,
            "p05": 1,
            "p25": 2,
            "p50": 4,
            "p75": 6,
            "p95": 7,
            "p99": 7
        },
        "month": {
            "count": 22585390,
            "null_count": 0,
            "min": 1,
            "max": 12,
            "mean": 6.477736758143207,
            "std": 3.6117153281141583,
            "p01": 1,
            "p05": 1,
            "p25": 3,
            "p50": 6,
            "p75": 10,
            "p95": 12,
            "p99": 12
        },
        "is_weekend": {
            "count": 22585390,
            "null_count": 0,
            "min": 0,
            "max": 1,
            "mean": 0.29411176871419975,
            "std": 0.45564245347666205,
            "p01": 0,
            "p05": 0,
            "p25": 0,
            "p50": 0,
            "p75": 1,
            "p95": 1,
            "p99": 1
        }
    },
    "categorical_features": {
        "customer_id": {
            "unique_count": 1233623,
            "top_values": {
                "be1981ab818cf4ef6765b2ecaea7a2cbf14ccd6e8a7ee985513d9e8e53c6d91b": 1252,
                "b4db5e5259234574edfff958e170fe3a5e13b6f146752ca066abca3c156acc71": 1018,
                "55d15396193dfd45836af3a6269a079efea339e875eff42cc0c228b002548a9d": 1011,
                "49beaacac0c7801c2ce2d189efe525fe80b5d37e46ed05b50a4cd88e34d0748f": 891,
                "cd04ec2726dd58a8c753e0d6423e57716fd9ebcf2f14ed6012e7e5bea016b4d6": 882,
                "a65f77281a528bf5c1e9f270141d601d116e1df33bf9df512f495ee06647a9cc": 838,
                "0bf4c6fd4e9d33f9bfb807bb78348cbf5c565846ff4006acf5c1b9aea77b0e54": 837,
                "3493c55a7fe252c84a9a03db338f5be7afbce1edbca12f3a908fac9b983692f2": 837,
                "689f4eda82fdf3d9bfe8e524bbd0d931c4d7690f2234d3e48779f924aaf4103d": 820,
                "c140410d72a41ee5e2e3ba3d7f5a860f337f1b5e41c27cf9bda5517c8774f8fa": 809
            }
        },
        "article_id": {
            "unique_count": 91237,
            "top_values": {
                "706016001": 34753,
                "706016002": 26915,
                "372860001": 23109,
                "610776002": 18866,
                "399223001": 18210,
                "464297007": 17922,
                "759871002": 17118,
                "562245001": 16530,
                "673677002": 16378,
                "673396002": 16106
            }
        }
    },
    "embedding_features": {},
    "embedding_statistics": {
        "coverage_ratio": 0.0
    }
}